stakeholder_id,project_id,role,name,email
P01-pm,P01,pm,Demo PM 01,pm01@example.invalid
P01-pmo,P01,pmo,Demo PMO 01,pmo01@example.invalid
P02-pm,P02,pm,Demo PM 02,pm02@example.invalid
P02-pmo,P02,pmo,Demo PMO 02,pmo02@example.invalid
P03-pm,P03,pm,Demo PM 03,pm03@example.invalid
P03-pmo,P03,pmo,Demo PMO 03,pmo03@example.invalid
P04-pm,P04,pm,Demo PM 04,pm04@example.invalid
P04-pmo,P04,pmo,Demo PMO 04,pmo04@example.invalid
P05-pm,P05,pm,Demo PM 05,pm05@example.invalid
P05-pmo,P05,pmo,Demo PMO 05,pmo05@example.invalid
P06-pm,P06,pm,Demo PM 06,pm06@example.invalid
P06-pmo,P06,pmo,Demo PMO 06,pmo06@example.invalid
P07-pm,P07,pm,Demo PM 07,pm07@example.invalid
P07-pmo,P07,pmo,Demo PMO 07,pmo07@example.invalid
P08-pm,P08,pm,Demo PM 08,pm08@example.invalid
P08-pmo,P08,pmo,Demo PMO 08,pmo08@example.invalid
P09-pm,P09,pm,Demo PM 09,pm09@example.invalid
P09-pmo,P09,pmo,Demo PMO 09,pmo09@example.invalid
P10-pm,P10,pm,Demo PM 10,pm10@example.invalid
P10-pmo,P10,pmo,Demo PMO 10,pmo10@example.invalid
